{
  "mae": 1.398951768875122,
  "rmse": 1.595354677985518,
  "r2": 0.9879865757719228,
  "train_samples": 32,
  "test_samples": 8,
  "timestamp": "2026-02-26T17:39:08.062163"
}